Dataset,Accuracy_NoExp,Accuracy_WithExp,Mean_Perplexity,Mean_Sufficiency,Improvement_Rate
Normal,0.4792716001549787,0.8764044943820225,4.742685049153678,0.8709802402169702,0.3971328942270438
Masked,0.4792716001549787,0.8260364199922511,5.0309769093235,0.8074389771406432,0.34676481983727236
