test,level,statistic,pvalue,mean_diff,std_diff,cohens_d,ci_lower,ci_upper,n,significant_005,significant_001
t-test: Z0 vs Z10,10,60.020733839731264,0.0,0.1352848764312424,0.323882098181334,0.417697912885261,0.13086691928260544,0.13970283357987937,20648,True,True
t-test: Z0 vs Z20,20,49.619448358373965,0.0,0.10232400075644602,0.29632246400121626,0.34531300588815983,0.09828197448982928,0.10636602702306275,20648,True,True
t-test: Z0 vs Z30,30,40.96452968869403,0.0,0.07905286180915329,0.2772992016204221,0.28508146199917267,0.07527032490146546,0.08283539871684112,20648,True,True
t-test: Z0 vs Z40,40,35.37302775234564,3.756063021053077e-266,0.06415611074946201,0.26061822906273113,0.24616893062388032,0.06060111288258961,0.0677111086163344,20648,True,True
t-test: Z0 vs Z50,50,30.91397543798445,3.619780935640696e-205,0.05397003690579105,0.25086313962058165,0.21513737326024907,0.05054810464328067,0.057391969168301436,20648,True,True
t-test: Z0 vs Z60,60,28.648762835865945,4.786298964459483e-177,0.048727897194837215,0.24440539810374506,0.19937324450646227,0.045394052620589195,0.052061741769085235,20648,True,True
t-test: Z0 vs Z70,70,25.59998904726625,2.524507933912081e-142,0.041942446265886855,0.2354252135736189,0.17815613556944357,0.03873109710173939,0.045153795430034324,20648,True,True
t-test: Z0 vs Z80,80,22.72529449915951,6.112210242374469e-113,0.03660842125832799,0.23147840226604652,0.1581504835870286,0.03345090910255031,0.03976593341410568,20648,True,True
t-test: Z0 vs Z90,90,20.44552360871823,5.364821269323584e-92,0.03157804413742891,0.22193509625968813,0.14228504039973547,0.02855070872568607,0.03460537954917174,20648,True,True
